,following_usernames
0,engr_ahsan_tariq_0724
1,asim.zubair.98478
2,musman00109
3,itz_hmna
4,mr.ahtsham4
5,appointment_with_0724_bk_food
6,mohsin_2101
7,mudassarmahbboob
8,ahsanrazarao_
9,muazam_sheikh_
10,abdul_hanan_16
11,engr_ahsan_tariq_99
12,msafwanhabib
13,hiamameer
14,real_ahsan_official
15,deen_islam28
16,_jabbar_jutt_
17,abdulmubeen9090
18,ch_umarwaheed
19,ali_hamza_arain
20,az5529737
21,yasirtoori45
22,junaid51444
23,talha_falak07
24,qaisar6632
25,ebaad_rajpoot
26,awais_wes1
27,ukasha7343
28,be_like_waqas
29,_fahad_.here
30,muzamil_hassan_magsi_5
31,r_haris_rajpoot
32,huzaifa_sahib
33,umer_masoom_62
34,itsabdul725
35,rana.abdullah.raj
36,its_aneeq786
37,saood952
38,abdul_quddos1
39,butt_hanzala
40,iubkashmir
41,manzoor0507
42,hammad_456_1
43,saad.maya.777
44,call_me__malik6
45,haris_mayo1
46,hamza._.062
47,choudhary__911
48,waleednazar1
49,msharjeel050
50,engrsyedmubashir
51,haroonatieeq7
52,danialrao868
53,noman.ahmad.3
54,engineer.mohsin313
55,ahmadhassan2290
56,abdullahqasim90
57,huz.aifa74
58,chota_businessman
59,asif659278
60,wajidrehman9852
61,uzam_ch
62,asad_1590
63,ais_ha6959
64,aliafzal652
65,ali2617hussain
66,eipossible16
67,m_ahmad746
68,samiraza50076
69,ms_sherliyat143
70,rizvitom786
71,abdul_saboor_waqar
72,malikdani.dani
73,ali_kabier
74,universityadmissionguidance
75,chshabbir99
76,theishaqsaqi
77,husnainaligujar
78,yasmin_shahzad
79,m.umar_ch01
80,majid_speaks
81,dhudysahab
82,wasay3851
83,mujeebch009
84,fahadashraf053
85,the_freelancing_institute
86,sanni.malik.923
87,rao_farhan_654
88,muhammadimran75455
89,zeshanahmedsipra
90,ba_mentor
91,im_aliabdullha_khan
92,m_ahmad185
93,umerhayat721
94,usman_akam_007
95,alimuneer83
96,ya.seen1612
97,s_zaman_b
98,waalis_aura
99,andleeb.raza.902
100,muhammadbasit82
101,hamzaafzal6755
102,ahmadbilal4246
103,abdulrehman978
104,heyahmedrajpoot
105,iconicblackpink.__
106,atifmehmood1997
107,revivingjigar
108,kamran_chouhdary
109,engr.zubair_akmal_bandesha
110,hamzahussain8678
111,ali_chattha49
112,safdar_hussain350
113,itx_abdulmuneeb
114,atifism1
115,amazing_python3
116,abdul_raheem_00
117,icrimson_writes
118,waqas_jutt_364
119,sqr.graphics
120,zain_bahawalpuri_
121,claimszain
122,shah_zaiin_
123,sameenkhan7075
124,5han_e_mustafa
125,sonihusnain
126,rana_muhammad_zulqurnain
127,hunzla_mushtaq
128,shehzad.khan7
129,qwertyuuuuggyyy
130,hamzae_tariq
131,sheikhhamza770
132,umairhassanmailkhi
133,nomannazir6
134,_sikandar_ghumman_
135,iubians_official
136,arsal.hashmi.547
137,withlovefrom26
138,engrszhb92
139,itx_saif7243
140,shanaya_khan725
141,ali003____
142,iub_bwp_student
143,saadmand
144,ihassanshabbir
145,imeshsolutions
146,ahmad_itsmalik
147,hassanejaz_jajja
148,wendy_y.h.x
149,beoparipakistan
150,___asthetic_path
151,islamia.university.bahawalpur
152,iahsan.official
153,paal_sahab_420
154,abdulsamadgujjar02
155,junaid.bashir_
156,mehmoodafzal72
157,moeez.khalid.399
158,raees_ali_313
159,royalskater917
160,hussnain6898
161,haroonattieq
162,imtiaz_joiya
163,muhammadahtshamakram
164,motivational_talks.pk
165,freelancingexpert
166,engineering_memes.k
167,iub.vibes
168,pythonprojects_
169,indian_idol_sa_re_ga_ma
170,theiubwp
171,fati_writes7
172,faisalrahman155
173,m.tanveer79
174,gourav_ucp
175,motivationforhappylife
176,"upwork
Verified"
177,oye_ak_29
178,dhasu_actor_09
179,motivational_quotes4u_
180,alfaaz_khamooshi_ke_
181,"fiverr
Verified"
182,oldbollywoodlover20_c
183,fake_promise_quotes
184,aashqan_e_nusrat
185,pakistani_stage_show
186,amrit_seju_
187,_abhijeetgupta
188,oo_baba_ji
189,nadeembhabha
190,codinghousee
191,s3e.you
192,physco_quotes__
193,townsinger
194,youwantfeel
195,lyrics_8228
196,songs_for__youu
197,effectual_thought
198,harshsharma5_
199,osm_life_02
200,bholarecordpardesiofficial
201,growwithshiv
202,lovers_shayari_
203,oye_chuss
204,adhura.ishqq_
205,gd_poetry.pain
206,motivational_11223
207,islam4evereone
208,two.words0
209,creative.shreative
210,imadwriter
211,trappinmotivation
212,loveromanza
213,feddy.writes
214,jb.writer
215,crazybakchodi
216,school_life.memoriess
217,3.22amstories
218,tear_tales
219,sillyygurls
220,aashiqui_life_2_
221,vaishnavisrivastavaaa
222,dosti_status
223,techplusgadgets
224,lastnighttech
225,alfaz_a_writer
226,jazbaat_a_dard
227,dj_gajanan_official_302
228,hhshkmohd
229,sarcastic_us
230,poemsalchemy
